{
	"info": {
		"_postman_id": "7c8aa8f0-009b-4543-9729-9e4316ef6af7",
		"name": "Users",
		"schema": "https://schema.getpostman.com/json/collection/v2.1.0/collection.json",
		"_exporter_id": "38656977"
	},
	"item": [
		{
			"name": "Login",
			"request": {
				"auth": {
					"type": "bearer",
					"bearer": [
						{
							"key": "token",
							"value": "eyJhbGciOiJIUzI1NiIsInR5cCI6IkpXVCJ9.eyJ1c2VySWQiOiI2N2FlNWU3ZDcyMTU4NGNmODZjNmU0YWEiLCJpYXQiOjE3Mzk0ODA3MDEsImV4cCI6MTczOTQ4NDMwMX0.RYlr_D3vjwFPNtU74jjXSkqnGsVki1Eo3-Yrg7I0_Xs",
							"type": "string"
						}
					]
				},
				"method": "POST",
				"header": [],
				"body": {
					"mode": "graphql",
					"graphql": {
						"query": "mutation {\r\n  signup(username: \"nhan\", email: \"nhan@nhan.com\", password: \"nhan\")\r\n}",
						"variables": ""
					}
				},
				"url": {
					"raw": "http://localhost:4000/graphql",
					"protocol": "http",
					"host": [
						"localhost"
					],
					"port": "4000",
					"path": [
						"graphql"
					]
				}
			},
			"response": []
		},
		{
			"name": "Signup",
			"request": {
				"auth": {
					"type": "bearer",
					"bearer": [
						{
							"key": "token",
							"value": "mySuperSecretKey123",
							"type": "string"
						}
					]
				},
				"method": "POST",
				"header": [],
				"body": {
					"mode": "graphql",
					"graphql": {
						"query": "mutation {\r\n  signup(username: \"testuser\", email: \"test@example.com\", password: \"password123\") \r\n}",
						"variables": ""
					}
				},
				"url": {
					"raw": "http://localhost:4000/graphql",
					"protocol": "http",
					"host": [
						"localhost"
					],
					"port": "4000",
					"path": [
						"graphql"
					]
				}
			},
			"response": []
		}
	]
}